<annotation>
	<folder>JPEGImages</folder>
	<filename>11.jpg</filename>
	<path>E:\PHD-1st-year\A-layout-design\new_codes\centernet_pytorch_main\VOCdevkit\VOC2007\JPEGImages\11.jpg</path>
	<source>
		<database>Unknown</database>
	</source>
	<size>
		<width>512</width>
		<height>512</height>
		<depth>3</depth>
	</size>
	<segmented>0</segmented>
	<object>
		<name>Component1</name>
		<pose>Unspecified</pose>
		<truncated>0</truncated>
		<difficult>0</difficult>
		<bndbox>
			<xmin>42</xmin>
			<ymin>296</ymin>
			<xmax>158</xmax>
			<ymax>510</ymax>
		</bndbox>
	</object>
	<object>
		<name>Component2</name>
		<pose>Unspecified</pose>
		<truncated>0</truncated>
		<difficult>0</difficult>
		<bndbox>
			<xmin>271</xmin>
			<ymin>51</ymin>
			<xmax>457</xmax>
			<ymax>146</ymax>
		</bndbox>
	</object>
	<object>
		<name>Component2</name>
		<pose>Unspecified</pose>
		<truncated>0</truncated>
		<difficult>0</difficult>
		<bndbox>
			<xmin>106</xmin>
			<ymin>215</ymin>
			<xmax>290</xmax>
			<ymax>312</ymax>
		</bndbox>
	</object>
	<object>
		<name>Component3</name>
		<pose>Unspecified</pose>
		<truncated>0</truncated>
		<difficult>0</difficult>
		<bndbox>
			<xmin>147</xmin>
			<ymin>23</ymin>
			<xmax>235</xmax>
			<ymax>110</ymax>
		</bndbox>
	</object>
	<object>
		<name>Component3</name>
		<pose>Unspecified</pose>
		<truncated>0</truncated>
		<difficult>0</difficult>
		<bndbox>
			<xmin>328</xmin>
			<ymin>327</ymin>
			<xmax>419</xmax>
			<ymax>419</ymax>
		</bndbox>
	</object>
</annotation>
