<annotation>
	<folder>JPEGImages</folder>
	<filename>32.jpg</filename>
	<path>E:\PHD-1st-year\A-layout-design\new_codes\centernet_pytorch_main\VOCdevkit\VOC2007\JPEGImages\32.jpg</path>
	<source>
		<database>Unknown</database>
	</source>
	<size>
		<width>512</width>
		<height>512</height>
		<depth>3</depth>
	</size>
	<segmented>0</segmented>
	<object>
		<name>Component1</name>
		<pose>Unspecified</pose>
		<truncated>0</truncated>
		<difficult>0</difficult>
		<bndbox>
			<xmin>346</xmin>
			<ymin>217</ymin>
			<xmax>478</xmax>
			<ymax>455</ymax>
		</bndbox>
	</object>
	<object>
		<name>Component2</name>
		<pose>Unspecified</pose>
		<truncated>0</truncated>
		<difficult>0</difficult>
		<bndbox>
			<xmin>145</xmin>
			<ymin>51</ymin>
			<xmax>327</xmax>
			<ymax>146</ymax>
		</bndbox>
	</object>
	<object>
		<name>Component2</name>
		<pose>Unspecified</pose>
		<truncated>0</truncated>
		<difficult>0</difficult>
		<bndbox>
			<xmin>199</xmin>
			<ymin>270</ymin>
			<xmax>357</xmax>
			<ymax>367</ymax>
		</bndbox>
	</object>
	<object>
		<name>Component3</name>
		<pose>Unspecified</pose>
		<truncated>0</truncated>
		<difficult>0</difficult>
		<bndbox>
			<xmin>73</xmin>
			<ymin>126</ymin>
			<xmax>163</xmax>
			<ymax>218</ymax>
		</bndbox>
	</object>
	<object>
		<name>Component3</name>
		<pose>Unspecified</pose>
		<truncated>1</truncated>
		<difficult>0</difficult>
		<bndbox>
			<xmin>215</xmin>
			<ymin>406</ymin>
			<xmax>310</xmax>
			<ymax>512</ymax>
		</bndbox>
	</object>
</annotation>
