<annotation>
	<folder>JPEGImages</folder>
	<filename>39.jpg</filename>
	<path>E:\PHD-1st-year\A-layout-design\new_codes\centernet_pytorch_main\VOCdevkit\VOC2007\JPEGImages\39.jpg</path>
	<source>
		<database>Unknown</database>
	</source>
	<size>
		<width>512</width>
		<height>512</height>
		<depth>3</depth>
	</size>
	<segmented>0</segmented>
	<object>
		<name>Component1</name>
		<pose>Unspecified</pose>
		<truncated>0</truncated>
		<difficult>0</difficult>
		<bndbox>
			<xmin>315</xmin>
			<ymin>184</ymin>
			<xmax>438</xmax>
			<ymax>412</ymax>
		</bndbox>
	</object>
	<object>
		<name>Component2</name>
		<pose>Unspecified</pose>
		<truncated>0</truncated>
		<difficult>0</difficult>
		<bndbox>
			<xmin>13</xmin>
			<ymin>70</ymin>
			<xmax>184</xmax>
			<ymax>160</ymax>
		</bndbox>
	</object>
	<object>
		<name>Component2</name>
		<pose>Unspecified</pose>
		<truncated>0</truncated>
		<difficult>0</difficult>
		<bndbox>
			<xmin>151</xmin>
			<ymin>222</ymin>
			<xmax>312</xmax>
			<ymax>308</ymax>
		</bndbox>
	</object>
	<object>
		<name>Component3</name>
		<pose>Unspecified</pose>
		<truncated>0</truncated>
		<difficult>0</difficult>
		<bndbox>
			<xmin>149</xmin>
			<ymin>151</ymin>
			<xmax>236</xmax>
			<ymax>234</ymax>
		</bndbox>
	</object>
	<object>
		<name>Component3</name>
		<pose>Unspecified</pose>
		<truncated>0</truncated>
		<difficult>0</difficult>
		<bndbox>
			<xmin>165</xmin>
			<ymin>345</ymin>
			<xmax>254</xmax>
			<ymax>435</ymax>
		</bndbox>
	</object>
</annotation>
