<annotation>
	<folder>JPEGImages</folder>
	<filename>58.jpg</filename>
	<path>E:\PHD-1st-year\A-layout-design\new_codes\centernet_pytorch_main\VOCdevkit\VOC2007\JPEGImages\58.jpg</path>
	<source>
		<database>Unknown</database>
	</source>
	<size>
		<width>512</width>
		<height>512</height>
		<depth>3</depth>
	</size>
	<segmented>0</segmented>
	<object>
		<name>Component1</name>
		<pose>Unspecified</pose>
		<truncated>0</truncated>
		<difficult>0</difficult>
		<bndbox>
			<xmin>276</xmin>
			<ymin>232</ymin>
			<xmax>402</xmax>
			<ymax>464</ymax>
		</bndbox>
	</object>
	<object>
		<name>Component2</name>
		<pose>Unspecified</pose>
		<truncated>0</truncated>
		<difficult>0</difficult>
		<bndbox>
			<xmin>274</xmin>
			<ymin>2</ymin>
			<xmax>456</xmax>
			<ymax>94</ymax>
		</bndbox>
	</object>
	<object>
		<name>Component2</name>
		<pose>Unspecified</pose>
		<truncated>0</truncated>
		<difficult>0</difficult>
		<bndbox>
			<xmin>72</xmin>
			<ymin>145</ymin>
			<xmax>253</xmax>
			<ymax>235</ymax>
		</bndbox>
	</object>
	<object>
		<name>Component3</name>
		<pose>Unspecified</pose>
		<truncated>0</truncated>
		<difficult>0</difficult>
		<bndbox>
			<xmin>164</xmin>
			<ymin>384</ymin>
			<xmax>253</xmax>
			<ymax>474</ymax>
		</bndbox>
	</object>
	<object>
		<name>Component3</name>
		<pose>Unspecified</pose>
		<truncated>1</truncated>
		<difficult>0</difficult>
		<bndbox>
			<xmin>18</xmin>
			<ymin>1</ymin>
			<xmax>109</xmax>
			<ymax>87</ymax>
		</bndbox>
	</object>
</annotation>
