<annotation>
	<folder>JPEGImages</folder>
	<filename>70.jpg</filename>
	<path>E:\PHD-1st-year\A-layout-design\new_codes\centernet_pytorch_main\VOCdevkit\VOC2007\JPEGImages\70.jpg</path>
	<source>
		<database>Unknown</database>
	</source>
	<size>
		<width>512</width>
		<height>512</height>
		<depth>3</depth>
	</size>
	<segmented>0</segmented>
	<object>
		<name>Component1</name>
		<pose>Unspecified</pose>
		<truncated>0</truncated>
		<difficult>0</difficult>
		<bndbox>
			<xmin>348</xmin>
			<ymin>197</ymin>
			<xmax>475</xmax>
			<ymax>415</ymax>
		</bndbox>
	</object>
	<object>
		<name>Component2</name>
		<pose>Unspecified</pose>
		<truncated>0</truncated>
		<difficult>0</difficult>
		<bndbox>
			<xmin>165</xmin>
			<ymin>32</ymin>
			<xmax>330</xmax>
			<ymax>129</ymax>
		</bndbox>
	</object>
	<object>
		<name>Component2</name>
		<pose>Unspecified</pose>
		<truncated>0</truncated>
		<difficult>0</difficult>
		<bndbox>
			<xmin>91</xmin>
			<ymin>199</ymin>
			<xmax>292</xmax>
			<ymax>293</ymax>
		</bndbox>
	</object>
	<object>
		<name>Component3</name>
		<pose>Unspecified</pose>
		<truncated>0</truncated>
		<difficult>0</difficult>
		<bndbox>
			<xmin>68</xmin>
			<ymin>35</ymin>
			<xmax>159</xmax>
			<ymax>126</ymax>
		</bndbox>
	</object>
	<object>
		<name>Component3</name>
		<pose>Unspecified</pose>
		<truncated>0</truncated>
		<difficult>0</difficult>
		<bndbox>
			<xmin>217</xmin>
			<ymin>364</ymin>
			<xmax>309</xmax>
			<ymax>474</ymax>
		</bndbox>
	</object>
</annotation>
